"DateUsedForStatisticsYear","DateUsedForStatisticsISO","weekly_rainfll_mean","wekly_temp_mean","ILI_per_100000_00_04","ILI_per_100000_05_14","ILI_per_100000_15_64","ILI_per_100000_65_plus","ILINumberOfCases_per_100000"
2005,"2005-W40",1.32430367122464,12.2905596506717,"0","0","5.93951201","0","4.023659116"
2005,"2005-W41",5.24994564916024,11.6081115357844,"0","0","17.01362305","0","11.52566931"
2005,"2005-W42",5.55525629382471,12.4067311264374,"23.53218026","0","7.387888788","0","6.673061684"
2005,"2005-W43",5.45558017487043,12.8230280974577,"0","0","7.127414412","7.231180852","5.633122762"
2005,"2005-W44",4.68232790016289,11.3545195483323,"24.58210423","0","12.86256351","0","10.45624063"
2005,"2005-W45",6.19637047505597,10.1021660119782,"0","5.861664713","13.36167628","0","9.874592673"
2005,"2005-W46",0.400085734741961,8.2473579118182,"11.4902907","5.802483463","9.619431251","0","8.145710469"
2005,"2005-W47",1.66278312319167,7.52737936011911,"0","0","10.98284236","7.428316743","8.26692239"
2005,"2005-W48",5.10138575570539,6.87346460327913,"11.35202634","5.732301519","16.63063363","0","12.87570917"
2005,"2005-W49",3.78680281920231,8.61158198083836,"11.35202634","0","15.44273123","0","11.26624552"
2005,"2005-W50",0.388944708652134,8.08079073414416,"11.8623962","23.96070444","16.13764167","15.11258879","16.81873607"
2005,"2005-W51",0.979458198969535,8.29838472110739,"34.52641271","5.811926072","16.86137541","14.6627566","16.31787215"
2005,"2005-W52",4.80427900120606,6.35734034385025,"23.01760847","5.811926072","8.430687703","0","8.158936075"
2006,"2006-W01",2.67216523493278,6.71579853805551,"0","0","11.29444621","18.75117195","9.737978813"
2006,"2006-W02",4.17757342992347,7.86039404310454,"10.12145749","5.111167902","13.76943609","0","10.76294962"
2006,"2006-W03",2.6704197111352,8.14863182166955,"30.0090027","10.10203051","18.84086794","12.74372372","17.7272276"
2006,"2006-W04",0.0785079814684472,5.67777379570033,"20.22858299","10.2150263","19.05165114","6.442883835","16.49135638"
2006,"2006-W05",0.137953553367784,5.40806224382772,"0","19.58767935","18.26576691","12.35406758","16.49858731"
2006,"2006-W06",1.19185360152214,6.37952514358022,"0","53.86611821","32.4724745","0","29.55996893"
2006,"2006-W07",4.29179399477405,7.68125768177724,"30.37359522","71.57830155","54.03400964","12.89906482","50.24187876"
2006,"2006-W08",0.847536884794342,5.2571150215906,"9.957184108","60.3378922","45.84766073","12.68552582","41.64696083"
2006,"2006-W09",1.44416448930715,3.38255003183764,"38.47263634","63.13744536","55.35538155","12.25340032","50.45443079"
2006,"2006-W10",5.9430581119476,7.08003892331556,"50.60728745","153.3350371","78.37986697","38.68471954","82.5159471"
2006,"2006-W11",2.00761738209259,6.77528023987485,"19.23631817","87.42107819","41.26492079","6.126700159","42.2726312"
2006,"2006-W12",2.05275579562754,4.94464996427514,"36.14022407","54.74952094","52.94657124","11.51079137","47.39700758"
2006,"2006-W13",7.09685961890867,8.96021026690328,"26.84083386","27.10761724","45.87585432","39.89513279","41.22612849"
2006,"2006-W14",1.69133834299149,6.2086567568842,"8.946944618","45.17936207","25.27853197","5.699304685","24.73567709"
2006,"2006-W15",1.80282232171693,7.84165125887371,"0","9.295408068","7.704976452","5.862695667","7.177017884"
2006,"2006-W16",2.00838783995812,8.76533305191699,"0","0","7.864030906","17.95117281","7.325177969"
2006,"2006-W17",0.81595195069124,9.12713102160632,"0","0","9.694431519","23.60578342","9.194375669"
2006,"2006-W18",4.10522913177058,9.5155067619928,"0","0","3.928076912","0","2.661042996"
2006,"2006-W19",1.42921177667318,10.8796384969534,"9.394081729","0","0","5.98372427","1.33185054"
2006,"2006-W20",7.83235785729963,11.148822163043,"0","9.228923446","0.956260638","0","1.94342055"
2006,"2006-W21",5.68173929843862,9.87443334860541,"0","0","2.853989878","5.791058606","2.577867717"
2006,"2006-W22",0.163686563951777,11.1225188356787,"0","0","1.919220029","11.6829254","2.600306836"
2006,"2006-W23",0.38505916521606,15.7340111095144,"0","0","2.017613768","0","1.366811093"
2006,"2006-W24",0.364121651062247,13.8869534596417,"8.946944618","4.517936207","2.808725775","0","3.171240653"
2006,"2006-W25",2.7798932512487,12.6376464255683,"0","4.660918201","0.965884944","0","1.308652154"
2006,"2006-W26",0.925840930420091,13.7431247239375,"0","0","2.272469038","0","1.539456264"
2006,"2006-W27",2.22379320026555,15.2742084392853,"18.15541031","0","0","0","0.821807483"
2006,"2006-W28",0.591527252057982,14.6612199523826,"0","0","2.096941611","0","1.420545347"
2006,"2006-W29",1.48229010990191,17.167436030579,"0","0","0","0","0"
2006,"2006-W30",2.6492203208725,16.7497321081763,"0","0","0.980719063","0","0.664376781"
2006,"2006-W31",1.79770498006994,15.3965701536053,"0","0","1.910657648","0","1.294347584"
2006,"2006-W32",0.784382067239235,14.6907162486167,"0","0","1.012996748","0","0.686242889"
2006,"2006-W33",2.99837333624391,14.0921207403503,"0","0","4.162634115","6.334726973","3.524899893"
2006,"2006-W34",1.79148644408954,14.5128772247219,"0","0","3.137911197","0","2.125729834"
2006,"2006-W35",4.55401718584488,14.5774779377675,"0","0","1.87248385","0","1.268496261"
2006,"2006-W36",2.3897938701618,14.9842676472174,"8.946944618","4.517936207","2.808725775","0","3.171240653"
2006,"2006-W37",2.94686802131831,14.976216064593,"0","4.696599662","3.893133486","0","3.296674315"
2006,"2006-W38",7.10950944636546,14.7206685635543,"0","0","1.87248385","0","1.268496261"
2006,"2006-W39",3.34382966196023,14.2684887336045,"8.946944618","0","7.489935399","0","5.708233175"
2006,"2006-W40",3.3784262200016,12.8608749961558,"8.710801394","4.683840749","1.81151216","0","2.484317744"
2006,"2006-W41",2.82225011029609,13.4621383780457,"0","4.584211974","9.751340809","11.01200308","8.510069235"
2006,"2006-W42",3.69290976542134,13.2856644255177,"0","4.584211974","3.545942112","0","3.039310441"
2006,"2006-W43",5.08811683747909,11.2590082732489,"0","0","9.757222562","0","6.690509209"
2006,"2006-W44",0.653545461595086,10.0228674105222,"0","0","3.545942112","11.01200308","3.647172529"
2006,"2006-W45",1.35130020214985,10.6023859651996,"17.05029838","0","5.318913169","0","4.862896706"
2006,"2006-W46",4.99895032976838,8.42547477777556,"0","0","8.177209209","5.643340858","6.230141424"
2006,"2006-W47",6.94549459922242,8.25909566349049,"26.64298401","0","8.310939967","5.735589332","8.231651333"
2006,"2006-W48",6.46039320549546,10.2447272297302,"8.646031472","0","10.78865034","0","8.014253041"
2006,"2006-W49",6.81490025202082,8.22896896216381,"0","0","6.332434731","0","4.342135462"
2006,"2006-W50",6.45379085116146,8.94084690388641,"17.05029838","4.584211974","7.978369753","5.506001542","7.902207147"
2006,"2006-W51",1.0411266500131,7.06929089585918,"0","4.584211974","11.52431187","11.01200308","9.725793412"
2006,"2006-W52",4.18896143683266,8.65402721108634,"0","4.584211974","16.84322503","5.506001542","12.76510385"
2007,"2007-W01",3.59927057173154,8.67545998051688,"8.630361612","4.64058657","19.74262792","0","14.76823107"
2007,"2007-W02",5.56259895162777,9.11229772597263,"8.52514919","9.168423948","16.84322503","0","13.37296594"
2007,"2007-W03",5.74221720531792,7.69965822741426,"0","4.584211974","23.93510926","5.506001542","17.62800056"
2007,"2007-W04",1.28026067794465,5.44666266354697,"17.05029838","0","29.25402243","11.01200308","22.49089727"
2007,"2007-W05",0.220187264797793,6.87201535503748,"34.60806368","27.91216971","49.47911981","11.17505727","41.33021609"
2007,"2007-W06",3.56970265471226,4.83153543093024,"8.672274738","37.30299357","63.12049703","39.20470456","53.17471604"
2007,"2007-W07",3.95533931679644,7.55865200712372,"74.80674923","62.57262894","74.33080666","26.84131415","67.56276225"
2007,"2007-W08",4.9654606857921,8.29153423269016,"8.428150021","54.38230762","77.9956007","21.77226214","63.69732952"
2007,"2007-W09",4.04801743060242,8.02425894128356,"66.49488821","26.81684098","55.31594914","42.94610264","50.96839959"
2007,"2007-W10",6.01783220454707,8.06076336365181,"16.62372205","31.28631447","25.06503946","16.10478849","24.29888818"
2007,"2007-W11",2.53465393820469,8.51934675804501,"16.78838244","4.513653803","14.83847879","0","11.97024198"
2007,"2007-W12",1.92880429103744,6.0492989725999,"0","0","11.23605217","5.36826283","8.297181329"
2007,"2007-W13",0.671982627946042,7.95321317416886,"8.426729586","4.53124292","6.133786649","0","5.40761392"
2007,"2007-W14",0.0763174416395018,8.51623445821695,"0","0","10.37174046","16.10478849","8.889837138"
2007,"2007-W15",0.173875029793496,9.84286186329717,"0","0","1.86454109","0","1.278510791"
2007,"2007-W16",0.438315115986331,10.8348951791204,"0","0","1.793159098","0","1.229558588"
2007,"2007-W17",2.44768074934555,11.6026102235175,"0","0","0","0","0"
2007,"2007-W18",0.498982445877373,12.5565331964746,"8.622176237","0","1.793159098","0","1.844337883"
2007,"2007-W19",3.91741754335329,10.8684893957919,"0","0","0.896579549","0","0.614779294"
2007,"2007-W20",3.0172938825131,11.1303382178305,"0","0","1.793159098","0","1.229558588"
2007,"2007-W21",1.16087000270154,10.5781270843143,"0","0","0.90492005","0","0.620505215"
2007,"2007-W22",4.24252641510512,10.9946303077986,"0","0","0","0","0"
2007,"2007-W23",1.27841456219903,14.2357784611363,"0","0","0.896579549","0","0.614779294"
2007,"2007-W24",2.67677982709495,14.8815140078462,"8.622176237","0","1.793159098","0","1.844337883"
2007,"2007-W25",2.42360127998202,14.1944485031145,"0","0","0.922322038","0","0.632439064"
2007,"2007-W26",2.91967379387986,12.7815476643928,"0","0","0.896579549","0","0.614790633"
2007,"2007-W27",3.51826035215566,13.5899630470199,"0","0","4.247871816","5.276766398","3.495322094"
2007,"2007-W28",3.88299712451924,13.698723274044,"8.257638315","0","0.858575452","0","1.177461041"
2007,"2007-W29",2.54323345093029,14.1636934327526,"0","0","3.611999061","0","2.47676485"
2007,"2007-W30",2.27230361312569,14.7882505551305,"0","0","0.888202013","0","0.609043072"
2007,"2007-W31",1.94548185423172,14.9130118139187,"0","0","2.506370358","0","1.718626474"
2007,"2007-W32",4.44640351714452,14.0277934927408,"0","0","0.835456786","0","0.572875491"
2007,"2007-W33",4.95874216377133,13.761810390983,"0","0","0.846704204","0","0.580588601"
2007,"2007-W34",0.979791820474746,14.4925866815144,"0","0","0","0","0"
2007,"2007-W35",0.201014965802526,14.1516706273608,"0","0","2.506370358","0","1.72059785"
2007,"2007-W36",0.572242956585089,14.6626116366237,"0","0","1.670913572","5.18914431","1.718626474"
2007,"2007-W37",0.446045415526592,14.4060148089647,"9.070294785","0","2.829227809","0","2.586686325"
2007,"2007-W38",3.72262539484343,13.2271152291082,"0","0","2.528679439","0","1.733923638"
2007,"2007-W39",1.3843657596762,11.347191975667,"0","4.564959372","7.061897532","10.96551346","6.658273207"
2007,"2007-W40",1.1098547260914,12.8323210072842,"0","0","7.519111074","5.18914431","5.728722094"
2007,"2007-W41",1.03048509446044,13.2457819999967,"8.034709947","0","9.190024646","5.18914431","7.447338722"
2007,"2007-W42",1.11991106575992,11.6255448517979,"16.06941989","0","5.848197502","0","5.155849885"
2007,"2007-W43",2.33667380642527,12.4108604812062,"0","8.640428565","9.190024646","0","7.447338722"
2007,"2007-W44",1.83454080938856,11.6577465050233,"0","4.378475415","5.080225223","5.259006048","4.644681839"
2007,"2007-W45",0.393901704461072,10.5364175437576,"8.034709947","21.60107141","10.86093822","0","10.88457198"
2007,"2007-W46",2.39532751244316,9.79819836807637,"7.653451707","0","7.957918527","4.942665085","6.548109506"
2007,"2007-W47",3.85654370891859,7.71894055974332,"15.73935626","0","5.728079866","0","5.049966614"
2007,"2007-W48",4.02143103438456,9.87663738227471,"16.28399284","0","15.23899829","10.51690593","12.77146622"
2007,"2007-W49",7.60758114591228,9.64309296607625,"7.653451707","0","10.34529408","4.942665085","8.185136883"
2007,"2007-W50",2.47436684973902,8.88184622413845,"7.841292245","4.216384872","10.59978474","5.064316824","8.945544001"
2007,"2007-W51",0.414498356993528,6.42940752521385,"7.938398031","4.26857899","12.38175425","15.38067162","11.32022074"
2007,"2007-W52",6.04385102607577,8.43146388416334,"7.653451707","4.115226337","19.89479632","9.88533017","15.82459797"
2008,"2008-W01",3.0393483658378,7.08894525279879,"38.26725853","16.46090535","61.27597266","19.77066034","49.1108213"
2008,"2008-W02",7.2293846698169,6.26698777234844,"30.61380683","32.9218107","51.72647042","9.88533017","43.10838758"
2008,"2008-W03",6.62759282056533,7.84888040795889,"45.92071024","45.26748971","53.31805413","14.82799526","47.47379392"
2008,"2008-W04",4.66968171007776,9.03308827197228,"47.28505004","38.13882532","33.59857083","0","31.4672151"
2008,"2008-W05",3.51546612319977,6.48626115154942,"24.14292612","21.6365918","35.14673763","0","28.69045296"
2008,"2008-W06",4.56247302216902,7.75795661162069,"7.717835919","24.90039841","21.66847237","0","18.71010346"
2008,"2008-W07",0.041016203024634,7.49483151908343,"15.47508511","16.64239651","20.11441077","4.997251512","17.65429579"
2008,"2008-W08",1.32378157974896,8.09456668825936,"14.86104919","19.97762506","25.49739231","19.19570016","23.31138178"
2008,"2008-W09",3.11817006690659,7.72589034867899,"7.165376899","3.85297064","24.58778211","18.51080568","19.92520385"
2008,"2008-W10",2.96017086249343,6.99713784110433,"0","3.720099699","20.14301541","13.40482574","15.78524179"
2008,"2008-W11",8.06004805365164,6.66144764949213,"13.69581593","11.04606208","20.64909358","8.844861136","17.57675182"
2008,"2008-W12",0.911226381009725,6.5242539515651,"13.69581593","14.72808277","10.68056564","0","10.25310523"
2008,"2008-W13",5.09225228353084,6.68323237737459,"14.05086413","3.777576307","18.99335233","4.537205082","15.02734978"
2008,"2008-W14",1.41937536542139,8.2733523083546,"0","0","17.08890503","0","11.71783454"
2008,"2008-W15",3.1398656777208,5.60353795006492,"0","3.727587878","7.929185168","4.477077364","6.425591649"
2008,"2008-W16",1.19172834891481,7.1764108257221,"0","3.818105456","16.98206546","0","12.15085284"
2008,"2008-W17",3.16817663498548,9.62385646560386,"7.151541157","3.845414343","9.667080616","13.85617293","9.178241449"
2008,"2008-W18",4.18679061234662,9.19303705335181,"14.21565143","3.822045559","7.390983001","0","6.58838316"
2008,"2008-W19",2.13503562229842,12.0737970421486,"7.107825716","0","2.2172949","0","2.027194818"
2008,"2008-W20",0.461221205323731,12.7188245534903,"0","0","4.4345898","0","3.040792228"
2008,"2008-W21",2.83256877966438,11.3124424729519,"0","7.991050024","2.317944756","0","2.649020657"
2008,"2008-W22",1.18526931591529,12.4931566800439,"0","7.436879485","3.595285861","0","3.451404228"
2008,"2008-W23",2.59666317802178,12.8369379422058,"0","0","2.183008914","0","1.496886476"
2008,"2008-W24",0.67250975087346,12.9341415596645,"0","0","2.889484444","0","1.981326002"
2008,"2008-W25",4.04053635407297,12.1775739821949,"0","0","1.464107407","0","1.003940466"
2008,"2008-W26",5.31474927616652,13.1665228969492,"6.847907964","0","3.560188548","4.422430568","3.417701742"
2008,"2008-W27",4.97502146647389,13.3215046791609,"0","0","0.71203771","0","0.488243106"
2008,"2008-W28",3.55910935967937,13.3685556065768,"0","0","3.841514479","4.771903035","3.16093922"
2008,"2008-W29",1.22423666036725,14.3095124578092,"0","0","1.521375323","4.724781479","1.564814622"
2008,"2008-W30",0.960219665562712,15.0198540962393,"0","0","0","4.749014579","0.271838854"
2008,"2008-W31",5.48686016105157,15.6724458179544,"0","3.822045559","1.4781966","0","1.520396114"
2008,"2008-W32",4.98219287914172,15.5574425614253,"7.107825716","3.822045559","0.7390983","0","1.520396114"
2008,"2008-W33",8.05753562115499,14.0693970421228,"0","0","0.738797976","0","0.506593312"
2008,"2008-W34",3.45432317150099,14.2731785822447,"0","0","1.440600442","4.473872584","1.481730266"
2008,"2008-W35",1.16328244398758,15.1939490036391,"7.209805335","0","2.998658101","0","2.570231578"
2008,"2008-W36",3.2579277898802,12.9985469653861,"0","0","5.134675195","0","3.520843393"
2008,"2008-W37",3.02203450189198,13.3178943403491,"6.981290142","0","2.903726934","0","2.488849952"
2008,"2008-W38",4.01024096896268,13.5360826387827,"7.35402265","7.908264136","6.11728362","0","5.767587209"
2008,"2008-W39",0.190345393139548,12.689442047756,"7.269026677","7.817385866","5.291045284","0","5.18293157"
2008,"2008-W40",5.67799477586787,10.9871827343317,"7.66812361","0","3.189436586","4.952456418","3.280499073"
2008,"2008-W41",5.09491648440424,12.182799903148,"0","0","5.593735017","14.88981537","5.479482079"
2008,"2008-W42",1.92352519866496,11.1681145299405,"0","7.362685908","7.118957785","4.421648391","6.345921037"
2008,"2008-W43",6.84022169673341,10.8423309098924,"6.7281168","0","6.996040241","0","5.276892965"
2008,"2008-W44",2.95438491793464,7.13669427724436,"13.43273558","0","7.681993407","4.337642058","6.70417814"
2008,"2008-W45",3.69833371243095,9.37248199887554,"6.858240176","0","7.131243404","8.858572884","6.35687496"
2008,"2008-W46",3.40867714149843,9.23785639027132,"0","7.360789077","10.67585264","8.840951286","9.272499231"
2008,"2008-W47",2.03374075345764,9.99156438480113,"6.644518272","17.86416092","9.672783551","4.291292967","9.948928832"
2008,"2008-W48",2.51918186261294,6.66046594486447,"6.656460095","7.158196135","11.766253","12.89656951","10.91568346"
2008,"2008-W49",4.18204447533144,5.67209838120443,"13.66213539","14.69237833","22.72953277","13.23509948","19.96912092"
2008,"2008-W50",4.45288287548772,6.21232688173655,"19.83471074","17.77588168","47.43735176","4.270037149","36.77042526"
2008,"2008-W51",3.19390676568354,7.58546147222267,"74.10900761","79.69859441","61.64796211","26.10625245","61.00607179"
2008,"2008-W52",0.387889638012656,6.81711944025586,"86.52822151","93.04988906","75.43722446","21.49243466","72.60785589"
2009,"2009-W01",0.0339249783562758,4.55334987378942,"46.41909814","53.48546978","120.6655221","64.23982869","100.2345109"
2009,"2009-W02",1.94323531999961,4.87971330628057,"65.53938917","38.76378757","148.5590454","80.41987641","120.5584942"
2009,"2009-W03",7.90342502388369,7.66753908976236,"45.87757242","70.47961377","113.1229428","76.18725133","98.59628792"
2009,"2009-W04",6.13872994330778,5.11284824201835,"26.8744961","39.73844876","46.80535956","34.71318233","43.11232677"
2009,"2009-W05",6.9687675732596,6.9084653411375,"19.66181675","31.7158262","35.43610257","4.232625074","30.37326405"
2009,"2009-W06",1.50270277663796,2.85848575405039,"6.553938917","14.09592275","20.44390533","8.465250148","17.28939646"
2009,"2009-W07",2.44612835996336,5.45415964965217,"6.625588021","24.9385443","9.644995281","0","10.39280062"
2009,"2009-W08",0.317974474121479,6.89581821654032,"6.553938917","7.047961377","8.859025643","4.232625074","7.943776752"
2009,"2009-W09",0.786981954247712,7.56273924307957,"6.553938917","3.523980689","9.540489155","0","7.476495766"
2009,"2009-W10",3.61189886444623,5.95680508389668,"0","0","4.184567316","4.331817197","3.347600488"
2009,"2009-W11",2.58623465451316,7.63838304436156,"0","0","10.90341618","0","7.476495766"
2009,"2009-W12",0.382925981902177,8.66781889952771,"0","3.523980689","2.725854044","0","2.336404927"
2009,"2009-W13",1.87326439327061,6.99654904763747,"0","0","4.820903437","0","3.305722678"
2009,"2009-W14",1.6411853977564,7.82582054735689,"6.631299735","3.565697985","4.137103614","0","3.782434375"
2009,"2009-W15",4.50144995151826,7.93898264070947,"0","0","3.497017044","0","2.397909023"
2009,"2009-W16",1.7894824045386,9.36013338573018,"0","0","3.407317555","0","2.336404927"
2009,"2009-W17",3.59819730722263,9.41370395484955,"0","0","2.12068088","4.390586582","1.938876906"
2009,"2009-W18",3.52469702132627,8.98502578040231,"0","0","2.811239335","0","1.927673683"
2009,"2009-W19",3.20886711981189,9.26668643450597,"6.884681583","0","4.295194393","4.446420631","3.926977847"
2009,"2009-W20",2.35145463003308,9.77760108060565,"6.752650415","3.63095022","7.021288547","0","5.777452529"
2009,"2009-W21",2.73515695844194,10.2779839986231,"0","0","8.854319205","8.460952703","7.005515676"
2009,"2009-W22",1.44409569072585,11.9206334726017,"0","3.422782037","5.294997551","0","4.084652146"
2009,"2009-W23",0.684009249022471,13.0728415096296,"0","0","4.426793484","7.855768098","3.902743629"
2009,"2009-W24",1.70741468077404,11.5434879426923,"0","0","5.059192553","0","3.469105448"
2009,"2009-W25",3.58077529362588,12.7288215741556,"6.105006105","0","5.712943626","3.942595805","4.787917038"
2009,"2009-W26",0.739706075414992,15.2060479216385,"0","0","1.276707117","3.964949843","1.313163147"
2009,"2009-W27",2.66796952029257,15.8700406041151,"6.073858115","3.265945981","0.631564322","3.92279931","1.732261641"
2009,"2009-W28",3.81511099779004,14.5720807113232,"0","10.02171371","9.689797289","8.024716126","8.859122238"
2009,"2009-W29",2.44741679222748,14.1441619263404,"11.96243794","9.648163633","13.06018881","15.45117429","12.79344975"
2009,"2009-W30",3.59898547419745,14.2173934370298,"18.27819411","42.58943782","37.37820407","27.54495731","35.62181793"
2009,"2009-W31",5.48001980921973,14.1307476369565,"29.98860433","19.3498452","44.90233742","19.3678339","37.63176463"
2009,"2009-W32",2.59941260234783,14.4412955503845,"23.72197841","35.07764916","38.23266426","11.4902907","33.82735364"
2009,"2009-W33",3.61876122016861,14.9705801947779,"44.26737494","27.20348205","44.05691891","20.42149975","39.22788697"
2009,"2009-W34",5.40231111832657,14.6819817610797,"30.76544425","26.4681555","37.74719615","11.92131929","32.90267389"
2009,"2009-W35",5.62234185518703,14.0076570894426,"24.43942079","19.71155426","37.48244995","7.891725526","30.92927216"
2009,"2009-W36",5.53896134568283,13.49025788755,"17.96299623","41.85582279","42.95960552","11.6013767","37.56910795"
2009,"2009-W37",2.27449908588991,13.6093326121486,"29.57529871","54.06952705","45.51297427","22.92088475","43.01710141"
2009,"2009-W38",0.387369557413757,12.8070659089627,"55.23166616","89.09420888","72.74444366","19.81689192","67.82063848"
2009,"2009-W39",0.830011209576158,13.1253969488991,"49.63702922","156.8077937","74.83919251","16.02885193","77.41855568"
2009,"2009-W40",0.649402264100431,12.2569571479057,"126.3689975","145.6075069","81.34201816","27.20453927","87.09717556"
2009,"2009-W41",2.94901703232931,11.3507418229428,"77.45010426","163.3725214","88.58328687","23.08580223","90.47582639"
2009,"2009-W42",0.225370736784075,11.8361640500919,"206.7280586","421.0597231","115.2929222","20.22899219","151.8609668"
2009,"2009-W43",4.63649848618337,12.2403986777642,"333.6312183","560.5919851","149.2907142","7.695267411","201.3405714"
2009,"2009-W44",4.56694515484191,13.3722869662089,"387.2505213","361.9822533","146.8128601","34.62870335","180.1021145"
2009,"2009-W45",7.75160942671646,9.56660614914196,"244.2657134","214.6266457","164.1578393","15.39053482","160.137965"
2009,"2009-W46",6.23868909524377,9.09308136045967,"387.2505213","230.6435596","98.49470359","38.47633705","129.9793562"
2009,"2009-W47",9.88270291115084,10.3242807300593,"280.0119154","224.2367941","100.9725578","23.08580223","121.9087426"
2009,"2009-W48",5.32288589611443,8.19175811002444,"214.4772118","134.5420764","78.67187016","26.93343594","90.05105725"
2009,"2009-W49",5.29781724597651,7.17696355509699,"119.9328376","67.71353948","57.98908807","19.3640835","59.4309169"
2009,"2009-W50",3.04307241911372,8.17758564393231,"113.1963062","57.6608899","45.22083875","30.78106964","50.12275828"
2009,"2009-W51",0.838202155738097,4.99117536987222,"113.1963062","32.03382772","39.64566685","7.695267411","40.35306811"
2009,"2009-W52",2.87890086577595,3.35227511222317,"48.2509047","22.7014756","12.54264499","0","15.05097982"
2009,"2009-W53",2.47848637290339,3.25041403637649,"5.957700328","22.42367941","16.7255157","3.847633705","15.29168897"
2010,"2010-W01",1.48706016723326,1.50994106502179,"11.91540066","3.203382772","26.63693242","11.54290112","20.81368776"
2010,"2010-W02",6.20239354580728,4.8519109711308,"17.87310098","9.610148317","17.34497925","19.23816853","16.56599638"
2010,"2010-W03",3.87626155853243,6.7266692878204,"6.008532116","3.230808995","12.49539232","27.16336826","12.42374392"
2010,"2010-W04",1.1966456008207,5.0270708358293,"0","3.203382772","8.672489624","3.847633705","6.796306208"
2010,"2010-W05",4.25760615319753,6.22268041117845,"5.957700328","6.406765544","6.81409899","3.847633705","6.37153707"
2010,"2010-W06",0.203867756617343,3.72633715697648,"0","12.81353109","6.194635446","3.847633705","6.37153707"
2010,"2010-W07",2.10279730868254,3.85707771113952,"11.91540066","0","6.81409899","0","5.521998794"
2010,"2010-W08",3.6513236858935,3.75034297385065,"0","3.311039004","9.603995262","0","7.024537588"
2010,"2010-W09",2.41019440551496,4.79221837260506,"11.91540066","6.406765544","8.672489624","7.695267411","8.495382759"
2010,"2010-W10",0.111411949374614,4.74386787254729,"12.09043646","0","5.028726601","15.61706946","6.034378718"
2010,"2010-W11",1.38031430283072,7.53200310526176,"6.011060351","9.696499564","8.125304699","7.764276564","8.14304327"
2010,"2010-W12",3.07441246527347,7.57408699271277,"12.47116044","0","7.780536987","4.027224034","6.668919279"
2010,"2010-W13",6.68244190616759,5.02560597804918,"0","3.259664906","3.782100579","7.830546964","3.89010875"
2010,"2010-W14",3.37209223495614,8.19832220343482,"0","0","2.477854178","3.847633705","2.12384569"
2010,"2010-W15",0.0343943706145738,8.84404986995996,"6.325910931","0","3.288694783","0","2.706091412"
2010,"2010-W16",0.322152658791692,7.29404520239971,"0","0","7.433562535","0","5.097229656"
2010,"2010-W17",2.67170066949062,9.96207049677971,"0","0","4.955708357","7.695267411","4.24769138"
2010,"2010-W18",0.585171431153075,9.05123616788467,"0","0","1.89378397","0","1.298572004"
2010,"2010-W19",0.929548437954597,8.24106774250946,"0","3.203382772","5.575171901","3.847633705","4.672460518"
2010,"2010-W20",1.61169776037955,11.7264606697771,"0","0","5.235533566","0","3.590035855"
2010,"2010-W21",1.09664348465427,11.0909629511564,"0","6.412722842","3.720191962","0","3.401273777"
2010,"2010-W22",1.51806556053935,12.7767446826572,"0","0","1.848394669","0","1.689931389"
2010,"2010-W23",3.07965731540411,12.5672916451938,"0","0","1.830607762","0","1.255251134"
2010,"2010-W24",0.500957327683126,12.9893826352406,"0","0","1.220405175","0","0.836834089"
2010,"2010-W25",0.561762518231323,14.6600062114251,"5.918210333","0","1.230708642","0","1.265854832"
2010,"2010-W26",3.2712423029449,14.9360945071057,"11.92179304","3.205128205","2.479190296","3.849707422","3.39998725"
2010,"2010-W27",4.62908565815014,14.3708817820466,"0","0","1.246486466","0","0.854719118"
2010,"2010-W28",4.48507767126688,14.1094187216978,"0","0","0","3.933291378","0.434225667"
2010,"2010-W29",3.79463931894597,14.5861372950822,"0","0","1.220405175","3.790032215","1.255251134"
2010,"2010-W30",1.45441436198562,15.2516937687562,"0","0","1.220405175","0","0.836834089"
2010,"2010-W31",0.973150827646253,14.6697734418553,"0","0","3.083279376","0","2.114209603"
2010,"2010-W32",1.36508495814339,14.1338139851241,"0","0","1.920614597","0","1.316979376"
2010,"2010-W33",2.418191466313,14.8177915202003,"0","0","3.661215524","0","2.510502268"
2010,"2010-W34",1.37402542763363,13.8600565436618,"0","0","3.051012936","3.790032215","2.510502268"
2010,"2010-W35",1.11818212315613,14.6326446710181,"6.1462815","0","3.195419047","3.969514131","3.067565317"
2010,"2010-W36",8.09770249618878,14.802280227587,"6.026637739","3.240545708","4.386569577","7.784524366","4.726669589"
2010,"2010-W37",2.39595665087941,13.3772438884452,"5.890322201","0","4.287219187","0","3.359721143"
2010,"2010-W38",2.24828174784255,13.3028705833083,"0","3.155470007","13.42445692","11.37009665","10.87884316"
2010,"2010-W39",3.24039815988323,12.5251397695539,"5.965519298","3.207698476","8.684163188","3.852822192","7.230781009"
2010,"2010-W40",1.97377217870274,13.3484706443411,"5.384159802","0","10.07720257","3.477293275","7.677749498"
2010,"2010-W41",0.153911976677429,11.5975579928366,"5.328218244","5.730002292","6.648199446","6.882075634","6.458156842"
2010,"2010-W42",1.92608724031704,10.109456639456,"5.398984991","2.903010422","5.613688418","10.46025105","5.774005428"
2010,"2010-W43",6.12767786079005,10.6357553230034,"5.328218244","2.865001146","5.540166205","6.882075634","5.318482105"
2010,"2010-W44",5.42372739351785,10.659327498482,"0","0","8.184358522","10.89285066","6.814610525"
2010,"2010-W45",6.5128349173545,7.99468149989292,"0","0","10.11878327","6.983240223","7.709416667"
2010,"2010-W46",4.54423711699532,7.76614276587125,"0","11.46000458","12.18836565","3.441037817","10.25707263"
2010,"2010-W47",2.56152445584971,4.76674877142928,"0","2.865001146","7.756232687","10.32311345","6.838048421"
2010,"2010-W48",2.3546391599887,2.22153009413934,"5.623031939","12.09409204","6.431432163","0","6.414625346"
2010,"2010-W49",1.38579281559202,4.17101018806688,"0","11.88460053","16.66178304","10.70587396","14.18283247"
2010,"2010-W50",1.90908348614012,3.46445067791218,"26.88316576","17.34605377","26.83498163","3.472463366","23.00101971"
2010,"2010-W51",1.6528077045666,1.27433203150621,"67.63993011","66.68081108","65.05799539","10.92140231","59.48074914"
2010,"2010-W52",4.80270662998675,6.27669494676183,"118.707171","81.23712537","132.9690244","38.33286869","114.6449277"
2011,"2011-W01",1.7535218860656,3.75099114109378,"143.8618926","126.0600504","244.8753463","65.37971852","202.10232"
2011,"2011-W02",5.45816129346898,7.83574679622618,"193.5796096","150.3498525","197.9301206","65.98367772","176.7441504"
2011,"2011-W03",0.519208676562574,4.73403641018893,"143.8618926","189.0900756","100.2770083","24.08726472","106.7495337"
2011,"2011-W04",0.492687264087315,4.15490545722199,"144.540805","254.0878247","69.94502668","10.7712193","93.14825238"
2011,"2011-W05",5.13013715704668,6.98246668902015,"133.2054561","220.6050882","54.84764543","10.32311345","77.4978821"
2011,"2011-W06",4.04255397933418,6.81071435143801,"64.15396953","91.98574221","38.91137101","20.71608604","45.7400744"
2011,"2011-W07",3.61807892085146,5.55368976879497,"47.95396419","63.03002521","34.90304709","6.882075634","36.46959158"
2011,"2011-W08",2.7322782949987,8.77710528718139,"48.88116446","26.28427908","23.15455382","17.53832123","24.78381926"
2011,"2011-W09",0.43378743309994,6.85142543301997,"10.89740097","11.71920778","23.22906693","10.55706091","19.4246421"
2011,"2011-W10",2.76414229118951,6.0788058859504,"15.98465473","11.46000458","14.95844875","3.441037817","13.29620526"
2011,"2011-W11",4.24973311340868,5.97582082889598,"5.72672088","3.079196945","5.954507562","7.396723252","5.71622223"
2011,"2011-W12",0.341344096896275,7.82721322245832,"0","12.37011381","9.568347905","7.428868583","9.02145877"
2011,"2011-W13",3.47253362923712,9.29880092647186,"0","2.865001146","10.52631579","6.882075634","8.357614737"
2011,"2011-W14",2.53425312447369,10.1131817387348,"11.12037809","2.989804766","4.625239934","7.182102201","5.153760461"
2011,"2011-W15",2.07815399414996,9.25785283043802,"5.447216472","2.928943823","3.398335948","3.517906142","3.495376394"
2011,"2011-W16",0.518517089730829,10.7773462966933,"5.482155584","0","2.850204645","3.540574989","2.736149222"
2011,"2011-W17",0.0916913441529968,10.5886464364688,"0","0","6.453316124","0","4.42506356"
2011,"2011-W18",3.07703339874254,11.19926357535,"0","0","2.794529429","3.471498993","2.29946729"
2011,"2011-W19",2.4725267015971,10.7956226806739,"5.387350501","0","2.8008537","0","2.304669645"
2011,"2011-W20",3.21792573244739,10.6561528275612,"5.572893446","5.993048064","5.21509364","7.198128487","5.562685506"
2011,"2011-W21",3.02647165628276,10.1568082487865,"0","0","3.910330535","0","2.681324574"
2011,"2011-W22",0.784794272340454,11.3748720413193,"0","0","3.934927541","0","2.698191826"
2011,"2011-W23",2.48552072202968,9.68841213994632,"0","0","2.872721214","3.568624652","2.363805412"
2011,"2011-W24",4.02780899608021,11.6079462413371,"5.397236615","0","6.734498027","0","5.002693758"
2011,"2011-W25",4.61664487408338,12.4905487556148,"0","0","1.108033241","3.441037817","1.139674737"
2011,"2011-W26",0.938262619689493,12.4730286697896,"0","0","1.108033241","0","0.759783158"
2011,"2011-W27",4.38455473435018,13.481789888408,"5.328218244","0","2.216066482","0","1.899457895"
2011,"2011-W28",1.83131069685718,13.5612020031082,"5.525472428","0","1.723632728","0","1.575870274"
2011,"2011-W29",1.29580234524671,12.8219223596224,"0","2.971150132","2.298176971","3.568624652","2.363805412"
2011,"2011-W30",0.915052715007463,14.5357500547465,"5.379236148","0","3.35598624","3.474031614","3.068272908"
2011,"2011-W31",1.60567851404193,14.0045682959139,"0","0","1.182249703","7.343222206","1.621349936"
2011,"2011-W32",3.62261415160314,14.2541263043144,"0","0","0.574544243","0","0.393967569"
2011,"2011-W33",2.31176900746321,13.4801102506381,"0","0","1.149088486","0","0.787935137"
2011,"2011-W34",1.5562114763462,13.1542755374741,"0","0","0.574544243","3.568624652","0.787935137"
2011,"2011-W35",1.50922218553436,13.3382360813687,"0","0","3.467566693","0","2.377725468"
2011,"2011-W36",5.22402536007825,13.652298150881,"5.558643691","2.98891114","1.155962454","0","1.585294805"
2011,"2011-W37",3.84192407477437,12.8340487031722,"0","0","4.579593332","0","3.140235047"
2011,"2011-W38",2.0545772707011,12.7189611530372,"0","0","1.126024682","0","0.772120281"
2011,"2011-W39",4.35892744280471,14.2677742811032,"6.826870563","0","6.388551715","0","4.867411705"
2011,"2011-W40",2.52146548608115,12.4434383642772,"0","0","3.905269324","6.930247063","3.44294655"
2011,"2011-W41",3.95045568534674,13.3016176115241,"5.365382552","2.885003751","7.810538648","6.930247063","6.8858931"
2011,"2011-W42",4.4018983456712,10.1744262638787,"0","9.512032721","7.970619072","3.808218135","7.147181488"
2011,"2011-W43",5.42295551859409,10.3527769557301,"0","2.905878592","4.495493268","3.490279571","3.853208181"
2011,"2011-W44",3.77757236258793,11.4824598559786,"5.365382552","0","5.578956177","3.465123532","4.5905954"
2011,"2011-W45",1.80343275241631,10.4849016619891,"0","2.885003751","8.926329884","10.39537059","7.650992334"
2011,"2011-W46",4.06156960214901,11.6718763492247,"0","0","9.516292452","13.90772226","8.060739592"
2011,"2011-W47",3.60520070487224,10.1635129582625,"10.80555405","0","6.741156445","6.978367062","6.163256973"
2011,"2011-W48",5.76385522376085,8.20558977520894,"0","8.655011252","8.926329884","6.930247063","8.03354195"
2011,"2011-W49",4.03863036728801,6.09613045786114,"5.66379701","12.18175174","9.422628442","3.657778265","8.884043047"
2011,"2011-W50",4.53610946188372,5.45080235791288,"0","5.770007501","15.6210773","3.465123532","11.85903812"
2011,"2011-W51",3.38399510225762,8.02078417920351,"5.365382552","14.42501875","13.38949483","3.465123532","11.85903812"
2011,"2011-W52",3.75729786206793,9.23697870161051,"10.83482312","0","8.449228585","3.498583074","6.952410748"
2012,"2012-W01",4.75408854714633,7.52451524756278,"32.19229531","8.655011252","13.38949483","6.930247063","13.38923658"
2012,"2012-W02",0.689806445552959,8.13880427935233,"16.09614766","25.96503375","13.38949483","13.86049413","15.30198467"
2012,"2012-W03",2.69249359996277,7.78227928681531,"5.365382552","14.42501875","11.71580797","3.465123532","10.71138927"
2012,"2012-W04",4.46006805473419,6.89797517461586,"27.26727382","11.72951733","10.77396783","3.521994858","11.27601747"
2012,"2012-W05",3.23686504511393,5.53462867125282,"27.82879724","5.985335927","15.0466446","21.56721783","15.4763133"
2012,"2012-W06",2.66926873734474,7.4289539611856,"66.78911337","26.93401167","20.8338156","25.16175413","25.39702696"
2012,"2012-W07",1.08297597909895,7.08894053202822,"22.48580584","51.38590817","36.23993173","25.41388324","36.07243345"
2012,"2012-W08",2.10735681958065,8.44673823199544,"32.19229531","46.16006001","42.40006695","34.65123532","41.3153586"
2012,"2012-W09",0.941742389263621,8.09885340347595,"70.68290561","40.92968864","30.52899972","14.04593019","32.95135605"
2012,"2012-W10",2.22642872777681,7.76274296322055,"38.02074847","29.20475453","22.02568534","10.52336186","22.84820274"
2012,"2012-W11",1.49978821300481,7.65150647484101,"32.19229531","8.655011252","17.29476415","3.465123532","15.68453428"
2012,"2012-W12",0.187981418361881,8.88908999048248,"16.09614766","8.655011252","11.71580797","10.39537059","11.4764885"
2012,"2012-W13",0.07356393853718,10.0833315973996,"5.657708628","6.084205403","10.00052944","0","8.067541457"
2012,"2012-W14",0.593601309267705,7.25700762953547,"0","2.941262978","5.687764481","10.59808528","5.460154522"
2012,"2012-W15",2.82158996606495,7.36386292785263,"6.056935191","6.513385006","13.85512577","3.911597888","11.22785198"
2012,"2012-W16",4.36610035369488,7.38750087209793,"0","2.885003751","7.25264303","10.39537059","6.503343484"
2012,"2012-W17",3.32153593423149,7.57748594562484,"0","0","5.701091759","0","3.909273579"
2012,"2012-W18",2.02331628885016,8.95630548747283,"0","0","6.694747413","3.465123532","4.973145017"
2012,"2012-W19",3.07979457883819,8.43322630583982,"0","0","4.181825785","0","2.867500973"
2012,"2012-W20",3.02007327228465,8.52225071121563,"5.59315398","3.007428348","6.397320104","0","5.184219237"
2012,"2012-W21",0.500247612124587,12.4994239709537,"0","2.961558965","4.581586603","3.55707324","3.927004834"
2012,"2012-W22",2.6593062211213,13.0227748354271,"0","0","0.564136702","0","0.386832231"
2012,"2012-W23",5.40210554079114,11.5587927888827,"0","0","0.576282517","0","0.395158518"
2012,"2012-W24",3.99335899621458,11.4999962289271,"0","0","2.958614895","0","2.028735003"
2012,"2012-W25",3.64017319007231,12.0290657527198,"0","0","2.995393085","0","2.053953244"
2012,"2012-W26",5.17032316491163,13.7260130290515,"0","0","1.710327528","3.541076487","1.563709432"
2012,"2012-W27",4.5700492556475,13.5904824477895,"5.44780998","0","4.531550923","0","3.495715806"
2012,"2012-W28",2.45480721941274,12.8211223817597,"0","0","2.294577912","0","1.573403192"
2012,"2012-W29",3.72091541038332,13.8546692169953,"0","0","2.283743741","0","1.565968375"
2012,"2012-W30",2.8407993802143,14.3893960276067,"0","2.961471259","1.145357294","3.556946717","1.570746419"
2012,"2012-W31",5.12555837478869,13.8197789874598,"0","0","2.277294802","3.536192935","1.951935539"
2012,"2012-W32",0.749096885185448,15.0482756380928,"5.365382552","0","1.673686853","0","1.530198467"
2012,"2012-W33",7.43336492389382,15.8523480582309,"0","0","1.687564338","3.493938018","1.542894393"
2012,"2012-W34",4.43167888331885,14.9508316086939,"0","0","1.168449526","0","0.801208222"
2012,"2012-W35",3.85616080063428,14.3623555569655,"0","0","1.115791235","0","0.765099233"
2012,"2012-W36",0.454605688101374,14.5113279663558,"5.365382552","2.885003751","5.02106056","3.465123532","4.5905954"
2012,"2012-W37",2.2805172013766,13.2126501101397,"0","0","4.668561324","0","3.201242082"
2012,"2012-W38",2.53776001959061,11.8754990324377,"0","0","4.216461064","0","2.891235838"
2012,"2012-W39",2.67364211191262,11.1545624878482,"0","6.714563889","7.141280497","12.09677419","7.12263395"
2012,"2012-W40",2.74473600812929,10.9326791791382,"4.925865721","2.816266757","7.995796496","3.278473543","6.503368362"
2012,"2012-W41",3.40120227743532,10.581334596115,"0","0","5.711283211","3.278473543","4.208061881"
2012,"2012-W42",4.03796528047569,9.9097467961165,"0","0","10.8514381","6.556947085","8.033572683"
2012,"2012-W43",0.2416576400442,9.4733804686559,"0","5.684078895","8.069117757","3.308519438","6.562997051"
2012,"2012-W44",4.84510415087624,7.50424480299868,"4.925865721","0","5.711283211","0","4.208061881"
2012,"2012-W45",2.68759474260372,8.59379578037776,"0","0","6.352909922","0","4.255286226"
2012,"2012-W46",3.56369997885208,8.99735425657245,"4.925865721","5.632533514","3.997898248","0","3.825510801"
2012,"2012-W47",7.33917218250425,8.40006277116625,"0","5.632533514","10.28030978","0","7.651021603"
2012,"2012-W48",2.45823528797799,5.81787167655598,"4.925865721","2.816266757","7.424668174","3.278473543","6.120817282"
2012,"2012-W49",3.42334744407932,6.54047598942992,"14.77759716","25.34640081","9.138053138","6.556947085","11.4765324"
2012,"2012-W50",2.57480151050741,6.62504945031308,"25.34597252","40.57265403","21.15817499","6.747410681","22.43908968"
2012,"2012-W51",5.53319462816018,8.40459165638514,"36.97248191","93.60751276","23.27019761","17.57592801","33.22436289"
2012,"2012-W52",4.6801469218256,7.97132148623329,"39.64124672","53.82588742","33.89616284","3.297826732","33.47905058"
2013,"2013-W01",2.485333255359,8.57948936125253,"39.40692577","47.87653487","70.81991182","22.9493148","59.6779685"
2013,"2013-W02",4.31443893032839,7.56133753068982,"24.6293286","50.69280162","51.97267722","39.34168251","48.2014361"
2013,"2013-W03",4.5150335007739,5.05564533435484,"19.70346288","39.4277346","56.54170379","13.11389417","46.2886807"
2013,"2013-W04",4.98895744305818,4.13500657430951,"15.64537158","89.44810519","44.14049982","20.8253792","45.36139259"
2013,"2013-W05",4.40625395741615,6.9912315222278,"25.79446967","100.2801947","62.80355049","13.73390558","59.29439668"
2013,"2013-W06",3.05353328953972,6.22646571339715,"20.27780594","72.45746747","66.41784465","30.36539694","59.44811675"
2013,"2013-W07",4.51727676494339,6.74495791973082,"20.74366022","44.47211598","43.29108444","17.25744659","38.66275206"
2013,"2013-W08",1.08911468290883,5.42462572846616,"30.52347764","26.1749651","38.92748871","13.54279523","33.58051224"
2013,"2013-W09",0.0685568220584878,4.40055421716672,"10.57082452","57.41221974","47.18455288","14.07013965","41.86642149"
2013,"2013-W10",1.97473540518814,7.24292825057511,"27.06067002","24.75324113","34.51196938","21.61149732","31.10236882"
2013,"2013-W11",1.88127366084941,3.91618624959797,"4.925865721","11.26506703","26.84303109","19.67084126","22.18796265"
2013,"2013-W12",4.60011366088769,4.90912233836406,"4.925865721","16.89760054","19.98949124","19.67084126","18.36245185"
2013,"2013-W13",1.66037959230303,3.33571923941013,"4.925865721","16.89760054","26.27190277","19.67084126","22.57051373"
2013,"2013-W14",2.51428894245367,5.97361693642804,"10.19056354","17.47844325","18.90459677","6.782419967","16.61964363"
2013,"2013-W15",3.94834014497583,6.49961925297101,"9.851731442","16.89760054","18.27610628","19.67084126","17.59734969"
2013,"2013-W16",4.59113613177719,8.80820353321469,"4.925865721","8.44880027","11.99369474","13.11389417","11.09398132"
2013,"2013-W17",2.23462076507607,8.10241488393252,"9.928021842","8.513778131","7.481928266","9.911130199","8.095511617"
2013,"2013-W18",1.73652667515847,8.18543246069206,"0","0","6.282411532","6.556947085","4.973164042"
2013,"2013-W19",5.0047047552951,9.6624282905369,"0","0","3.554586602","10.20234654","3.571386055"
2013,"2013-W20",4.25781940425197,8.29161374302432,"0","0","1.190299063","0","0.79728286"
2013,"2013-W21",0.720864921433306,10.0828306244031,"0","2.929201207","1.782107639","3.409943395","1.989471716"
2013,"2013-W22",2.46668842146397,10.3626499746011,"0","0","1.142256642","0","0.76510216"
2013,"2013-W23",0.602893207029435,12.450743004175,"0","2.816266757","0","0","0.38255108"
2013,"2013-W24",5.28052046526786,12.7061288609732,"0","0","0","9.835420628","1.14765324"
2013,"2013-W25",2.22719545719784,12.8512978304162,"0","0","1.142256642","0","0.76510216"
2013,"2013-W26",0.965993550532543,12.6032894545982,"0","0","1.142256642","0","0.76510216"
2013,"2013-W27",2.05804731718435,13.4111431496337,"0","0","1.713384963","0","1.14765324"
2013,"2013-W28",0.184460975653613,17.3242031681248,"4.925865721","0","0","0","0.38255108"
2013,"2013-W29",0.214056598361889,17.1423873751567,"0","0","1.713384963","0","1.14765324"
2013,"2013-W30",3.55157837432408,17.1646752415747,"0","0","1.142256642","0","0.76510216"
2013,"2013-W31",6.38291977277818,16.0171731994623,"0","0","0.577317207","0","0.386696107"
2013,"2013-W32",1.76347522878758,14.9932287124783,"0","0","1.178953325","0","0.789680456"
2013,"2013-W33",3.21720582294193,15.1230991579389,"0","0","3.079557283","7.071135624","2.887848347"
2013,"2013-W34",1.60494711728585,15.02964846319,"0","0","0.574511235","0","0.384816673"
2013,"2013-W35",0.492522363667871,14.4040846229165,"0","0","0","3.4606866","0.403821769"
2013,"2013-W36",1.73214730336204,13.4920988613315,"0","0","2.535914895","0","1.698600353"
2013,"2013-W37",1.54199730949385,13.1703868280682,"0","0","6.417702591","7.367839381","5.158406053"
2013,"2013-W38",3.42187133366634,12.4992046395034,"0","0","4.567014412","14.98071233","4.807083018"
2013,"2013-W39",0.7079825720038,14.8079617237867,"0","0","7.664276806","15.99808023","7.000448029"
2013,"2013-W40",3.57730321174938,14.4100140861163,"0","2.946375958","2.987571702","6.859886812","3.201805818"
2013,"2013-W41",1.04399631504441,12.0423945341345,"0","2.867876911","8.142280536","10.01569125","7.01210367"
2013,"2013-W42",4.07035141895306,12.3189988238044,"0","0","4.028151021","9.909820632","3.854455751"
2013,"2013-W43",5.80358434270252,12.1087906765291,"5.291005291","0","3.680642886","0","2.87625528"
2013,"2013-W44",4.38050447423632,9.80400965525356,"0","2.83752341","1.150900292","0","1.156336725"
2013,"2013-W45",3.0348691197444,8.13898507632941,"4.963271789","5.675046819","6.329951605","0","5.396238051"
2013,"2013-W46",2.84281039625286,9.45988824976346,"5.153311002","0","6.572343578","10.2891244","6.003073574"
2013,"2013-W47",1.55291513199702,6.58263146458009,"0","2.877201059","5.251365355","0","3.908280474"
2013,"2013-W48",0.299409071528156,7.43816533997081,"5.229031583","5.978894502","10.30627834","3.480076562","8.527641742"
2013,"2013-W49",1.11963222361077,7.70885162133862,"4.963271789","2.83752341","8.631752188","3.303273544","6.938020352"
2013,"2013-W50",3.34908579304149,10.0818861812295,"0","14.18761705","12.08445306","6.606547088","10.7924761"
2013,"2013-W51",5.79340191187567,7.65063985725704,"4.963271789","8.512570229","6.905401751","3.303273544","6.552574776"
2013,"2013-W52",6.24815129628622,6.10274228060771,"9.926543578","5.675046819","6.905401751","9.909820632","7.323465927"
2014,"2014-W01",7.62293082447293,6.80976919829941,"4.963271789","0","16.68805423","9.909820632","12.71970398"
2014,"2014-W02",3.34435062812405,7.2763621789523,"0","2.83752341","17.26350438","3.303273544","12.3342584"
2014,"2014-W03",5.51868476024342,6.59905062837454,"4.963271789","0","14.96170379","19.81964126","12.71970398"
2014,"2014-W04",5.59109552617614,7.15010519906665,"19.85308716","8.512570229","21.86710554","0","17.34505088"
2014,"2014-W05",7.07884527798667,5.87155332022978,"0","5.675046819","28.77250729","6.606547088","20.81406105"
2014,"2014-W06",6.05057039783903,6.08027347282253,"9.926543578","28.3752341","37.97970963","19.81964126","32.37742831"
2014,"2014-W07",7.01361138139071,4.99267337602207,"15.06099704","43.05272524","52.96825979","46.77737312","47.95508597"
2014,"2014-W08",5.05187017998846,6.71426957960162,"44.6694461","31.21275751","59.27136503","23.12291481","50.10792476"
2014,"2014-W09",5.10565009164297,6.50572632711385,"30.05409738","71.594261","58.65749829","23.33644486","54.07192733"
2014,"2014-W10",4.0976691883706,7.24118019100502,"49.63271789","45.40037455","51.21506298","36.33600898","48.56614246"
2014,"2014-W11",0.291033830026887,7.62364149947713,"56.64847049","32.38627999","44.78119906","44.55717028","43.99296113"
2014,"2014-W12",3.44794842412223,7.04316263474807,"24.81635894","14.18761705","23.59345598","19.81964126","21.97039778"
2014,"2014-W13",3.43906138373691,6.65083580767125,"49.63271789","22.70018728","24.16890613","23.12291481","25.82485353"
2014,"2014-W14",3.19908678710132,9.40264379064023,"14.88981537","2.83752341","18.41440467","9.909820632","15.03237743"
2014,"2014-W15",1.75981428468055,8.47746318199948,"10.01552406","17.17770334","6.967265464","0","7.777985191"
2014,"2014-W16",0.643701608399575,9.0270488854877,"0","8.512570229","4.028151021","3.303273544","4.239901326"
2014,"2014-W17",3.16231941486083,9.94622874141602,"0","0","4.088020931","3.352329869","3.129388478"
2014,"2014-W18",2.46356192027212,9.73711513215615,"0","0","2.877250729","6.606547088","2.698119026"
2014,"2014-W19",4.17012012666009,10.3984961366244,"0","0","0","0","0"
2014,"2014-W20",1.88342612082822,10.5059785528607,"0","0","1.823109739","0","1.221145353"
2014,"2014-W21",5.3418580115139,10.6352618145894,"0","0","1.726350438","0","1.156336725"
2014,"2014-W22",1.36596139932394,11.4997524850054,"0","5.675046819","2.877250729","0","2.698119026"
2014,"2014-W23",4.38951723988485,12.0346399668615,"0","0","1.740583444","0","1.165872578"
2014,"2014-W24",1.84717975564713,13.1565774809025,"0","0","0.575450146","0","0.385445575"
2014,"2014-W25",0.110139647132505,14.22733380409,"0","0","3.452700875","3.303273544","2.698119026"
2014,"2014-W26",2.36709726802549,14.768070163216,"0","0","0.58076731","0","0.389006671"
2014,"2014-W27",1.96795657607738,14.600159666494,"0","0","0.58076731","0","0.389006671"
2014,"2014-W28",1.47753046553864,14.3626227131261,"0","0","1.159843885","3.328894807","1.165320075"
2014,"2014-W29",3.56766514064812,15.4356599502104,"0","2.96912114","0","3.456499948","0.806646769"
2014,"2014-W30",1.636703640683,16.9339335699819,"0","2.83752341","0.575450146","0","0.77089115"
2014,"2014-W31",1.93370899974218,15.523840216578,"0","0","0","0","0"
2014,"2014-W32",2.39740796829167,14.9312371614264,"0","0","0","0","0"
2014,"2014-W33",3.80769368692162,14.0475500049412,"0","0","0.575450146","0","0.385445575"
2014,"2014-W34",1.18589806605718,12.5505855043319,"0","0","1.150900292","0","0.77089115"
2014,"2014-W35",4.66676343430433,14.2379329899272,"0","0","1.726350438","0","1.156336725"
2014,"2014-W36",1.64548048899872,14.3860863731686,"0","0","1.171248199","0","0.784522932"
2014,"2014-W37",0.606786406951956,14.512302472933,"0","3.071913495","3.114857246","0","2.503661605"
2014,"2014-W38",2.90278902184418,14.6723981317282,"0","0","1.192442301","0","0.798718855"
2014,"2014-W39",0.511855324284556,13.7662071839058,"0","0","3.673499376","3.514444366","2.870664272"
2014,"2014-W40",3.53676432218378,13.3254531207771,"0","0","2.265326349","3.250869608","1.896683838"
2014,"2014-W41",5.35995378902213,10.8914907240744,"4.819277108","2.755276354","8.381386617","0","6.362513567"
2014,"2014-W42",2.66256233094596,11.9822282168826,"0","0","6.146350186","0","4.116920543"
2014,"2014-W43",3.0284858249121,11.769724845987,"0","0","7.380450889","6.517842594","5.704094399"
2014,"2014-W44",5.98147840861361,12.1307782423104,"0","0","6.84314374","0","4.583651642"
2014,"2014-W45",4.82988522074754,9.1801896729512,"4.959333466","0","5.7500345","6.601313661","5.006894108"
2014,"2014-W46",5.98928366285614,9.51965411955798,"5.086211281","2.907822041","6.486728743","6.770022341","5.924872615"
2014,"2014-W47",2.46749839016284,9.15551696686459,"15.60630495","0","7.237679359","10.38673268","7.271875215"
2014,"2014-W48",1.03211949009014,8.49592291391845,"5.263989051","0","11.5963258","0","8.176213759"
2014,"2014-W49",1.55494818588469,7.32397820926726,"4.950740136","2.830375591","9.757889541","9.884678748","8.458350314"
2014,"2014-W50",4.12129951273179,5.97492747177033,"14.45783133","11.02110542","15.08649591","16.03694913","14.59635465"
2014,"2014-W51",3.31245488904198,8.01276172001105,"20.88445674","5.969971046","10.29105526","17.37438321","11.35331517"
2014,"2014-W52",4.11059090562875,7.36839519650874,"9.753718605","8.364234533","6.78506607","9.737098345","7.57458122"
2015,"2015-W01",2.897426937728,7.28838212629012,"9.725261366","0","16.34935758","32.36245955","15.48256512"
2015,"2015-W02",4.19598495087962,8.14132010240341,"4.861212386","11.11666945","36.63519797","32.35303633","30.20155765"
2015,"2015-W03",5.51934814811873,5.05402802219276,"14.86988848","14.16872113","35.62993144","29.68925249","30.4092937"
2015,"2015-W04",2.1711843960102,4.75132646740807,"33.73493976","24.79748719","34.64306468","16.03694913","31.06403683"
2015,"2015-W05",3.15800855422144,5.58903038579442,"24.23067604","30.47682376","41.57934069","29.02851245","37.25936659"
2015,"2015-W06",1.09288203042058,3.84804941263183,"19.38454083","27.70620342","39.89369174","41.93007354","36.88300935"
2015,"2015-W07",1.58647061616854,5.28071605807893,"19.27710843","82.65829063","74.87372044","64.14779652","70.36191474"
2015,"2015-W08",3.3044479049078,6.1292505812279,"43.37349398","60.61607979","65.37481561","41.69606774","60.25674614"
2015,"2015-W09",5.18524719078005,6.43814433990424,"39.25224474","64.51793879","51.76749002","39.18623257","51.0594843"
2015,"2015-W10",3.24343036890687,6.30227488100796,"9.866311479","25.38285811","33.17375613","26.26567733","29.49931615"
2015,"2015-W11",4.20965724305625,6.7141779331749,"0","20.10050251","35.52232374","50.1420692","32.37470404"
2015,"2015-W12",0.137691176989463,6.32423774839418,"9.638554217","5.510552708","25.70291896","22.45172878","21.33313373"
2015,"2015-W13",3.59722950168013,6.89475589465785,"14.81993776","14.12110258","21.19141576","3.287743293","17.64710396"
2015,"2015-W14",3.47972846543449,7.66442777097107,"0","5.667006687","14.3656695","13.1939176","11.93170446"
2015,"2015-W15",0.662597201249718,8.15656959456342,"9.638554217","8.265829063","16.20401413","9.622169478","13.84782365"
2015,"2015-W16",1.7185539436578,8.28068913925357,"4.819277108","2.755276354","15.64525502","6.414779652","11.97649613"
2015,"2015-W17",1.25084587920376,9.3526908897352,"4.857198368","2.776929272","7.884214676","9.698066852","7.167025647"
2015,"2015-W18",5.48285684022115,7.07350815610352,"0","0","5.782151654","0","3.872981692"
2015,"2015-W19",4.3033985487633,8.6509549817294,"0","0","3.478886061","6.656681644","3.106965039"
2015,"2015-W20",2.06050330569361,10.1195475195987,"0","0","3.352554647","3.207389826","2.619858528"
2015,"2015-W21",2.15271721098493,9.75637711264968,"0","5.510552708","3.352554647","3.207389826","3.368389536"
2015,"2015-W22",2.36449496480241,9.78880470264523,"0","0","2.235036431","0","1.497062016"
2015,"2015-W23",3.94523181801048,10.0422794109433,"0","0","1.676277323","0","1.122796512"
2015,"2015-W24",1.69580100430963,11.1891285188686,"0","0","3.973863333","0","2.66175889"
2015,"2015-W25",0.73709625138435,12.1965199324075,"0","0","1.731301939","0","1.159653341"
2015,"2015-W26",2.89558219717666,13.2394763172449,"0","5.510552708","1.676277323","0","1.87132752"
2015,"2015-W27",3.23832883689008,14.864760829577,"0","0","0","0","0"
2015,"2015-W28",4.0650114275186,13.8759842800823,"0","0","0.583035985","0","0.390527368"
2015,"2015-W29",4.36129646576987,13.602007694595,"0","0","1.676277323","0","1.122796512"
2015,"2015-W30",2.780831969572,13.1906392939387,"0","0","0","3.324468085","0.387920166"
2015,"2015-W31",5.37607996283361,12.8989162164326,"0","0","1.183614047","0","0.792801364"
2015,"2015-W32",3.91327656916236,13.9251246653329,"0","0","0","3.356493136","0.391663827"
2015,"2015-W33",0.9541789089149,13.7713831692675,"0","0","1.125099853","0","0.753607898"
2015,"2015-W34",2.66849714750624,14.7273131652368,"0","0","1.149795336","0","0.770151989"
2015,"2015-W35",3.53084303117442,13.2962744131455,"0","2.799473699","0","0","0.38027296"
2015,"2015-W36",0.297799249254918,12.27787386518,"0","2.755276354","1.676277323","3.207389826","1.87132752"
2015,"2015-W37",2.40763029428191,13.7447783567189,"4.934129373","5.641748942","2.860330082","6.567713122","3.831799336"
2015,"2015-W38",4.52231257880774,12.2387045716405,"0","0","4.881710063","0","3.269843865"
2015,"2015-W39",2.01759388063834,12.1739541026007,"0","0","5.626652829","3.588731383","4.187587154"
2015,"2015-W40",0.035202547892187,12.6954709210796,"0","0","5.681140318","3.261153144","4.185851821"
2015,"2015-W41",1.71664162845423,12.1443943313766,"4.819277108","0","5.02883197","3.207389826","4.116920543"
2015,"2015-W42",0.109872869518958,10.6826685930404,"0","5.510552708","4.470072862","0","3.742655039"
2015,"2015-W43",1.63842107999644,10.8687214226282,"0","2.755276354","5.587591078","3.207389826","4.491186047"
2015,"2015-W44",3.04559064207967,11.8029632070129,"9.638554217","2.755276354","2.793795539","0","2.994124032"
2015,"2015-W45",2.44941428974751,11.7727516161121,"0","2.936771314","5.360173908","0","3.98926091"
2015,"2015-W46",7.93077160263136,11.1475489243629,"4.819277108","2.755276354","5.02883197","3.207389826","4.491186047"
2015,"2015-W47",5.43774369696262,8.98110236588285,"0","5.510552708","8.381386617","6.414779652","7.111044575"
2015,"2015-W48",3.27894393946766,8.77579251016775,"0","0","8.940145724","6.414779652","6.736779071"
2015,"2015-W49",10.6698600137733,9.24806560767501,"4.896440288","5.598633933","9.650810952","9.776126699","8.745779211"
2015,"2015-W50",6.68701066622777,8.25250528925074,"9.692270414","0","14.04707456","6.450780544","10.91435991"
2015,"2015-W51",4.65999903677692,10.4554905146187,"4.846135207","8.311861026","14.04707456","22.57773191","13.54886058"
2015,"2015-W52",7.30828699420209,8.19838330063828,"0","15.48626884","5.757715339","6.009254252","6.661407661"
2015,"2015-W53",7.24705282149431,7.93091828387512,"9.028937745","10.32417923","12.03885934","3.004627126","10.5180121"
2016,"2016-W01",6.41079125423786,6.49136362508026,"13.9755893","26.63328628","55.63297361","18.60292066","44.13765159"
2016,"2016-W02",2.98150412036723,5.13274449461589,"27.08681324","46.45880652","48.15543738","48.07403401","46.27925322"
2016,"2016-W03",4.59279524144616,7.76619787735141,"63.20256422","98.07970266","65.42858339","69.10642389","70.12008064"
2016,"2016-W04",5.7354399535318,8.33599591973475,"63.20256422","100.6607475","81.65487207","63.09716964","80.63809273"
2016,"2016-W05",4.76959488585095,7.35515911580208,"76.74597084","131.6332852","73.80344207","36.05552551","77.48268911"
2016,"2016-W06",5.34065519244958,5.34733960283558,"112.8617218","85.17447863","70.66287006","21.03238988","70.12008064"
2016,"2016-W07",4.67540532473223,5.78665774097353,"59.29845368","83.45068586","73.51152386","42.50151791","70.13939319"
2016,"2016-W08",2.16516082320971,5.22589285237849,"75.40767273","72.74882794","63.93198074","21.9566513","61.12290462"
2016,"2016-W09",5.16715068916751,5.96347879361288,"18.05787549","46.45880652","42.92115071","33.05089838","40.31904637"
2016,"2016-W10",2.94176437197592,6.7593537674558,"18.71782873","24.07769068","34.72316415","9.343174811","29.07261977"
2016,"2016-W11",0.037428101153926,7.61031753104202,"14.00494842","8.007046201","21.65064519","0","16.677241"
2016,"2016-W12",3.11280535897716,7.10419450292154,"4.565376187","15.66048078","20.64365869","12.15399107","17.72747901"
2016,"2016-W13",4.2732375528629,6.67226290645944,"0","7.800312012","12.12792322","3.026817604","9.536221749"
2016,"2016-W14",3.20420960912901,6.98102099562029,"0","2.581044807","12.03885934","3.004627126","8.76501008"
2016,"2016-W15",2.19997359862258,7.47845153463049,"4.583371528","10.48163094","10.09676957","0","8.542718934"
2016,"2016-W16",0.141489898309865,8.52398755701658,"0","7.743134421","10.46857334","3.004627126","8.414409677"
2016,"2016-W17",2.0618872178569,6.43816134851951,"0","5.501760563","4.462940855","3.202356935","4.110367093"
2016,"2016-W18",3.80475731445861,9.674101840978,"0","0","4.337359849","9.336777567","3.994697946"
2016,"2016-W19",2.00546036939654,12.4611592185888,"9.321836402","2.664748048","3.782822742","6.204243703","4.343655548"
2016,"2016-W20",2.96858372960341,10.725755984094,"0","0","3.282580984","0","2.198728402"
2016,"2016-W21",1.27734880364972,10.9643912318128,"0","8.125457057","1.098538943","3.152982722","2.207464911"
